{
  "training": {
    "epochs": 100,
    "final_loss": 0.6579700586123344,
    "num_pairs": 20000,
    "embedding_dim": 384
  },
  "correlations": {
    "utilitarian_mean": 0.973109243697479,
    "plurality": 0.6267793363639985,
    "borda": 0.974212448299634,
    "copeland": 0.9745941893490984
  },
  "pairwise_metrics": {
    "accuracy": 0.6086,
    "precision": 0.6086,
    "recall": 0.6086,
    "f1": 0.6086,
    "tp": 12172,
    "fp": 7828,
    "tn": 12172,
    "fn": 7828,
    "num_pairs": 20000
  },
  "axioms": {
    "pareto_fraction": 1.0,
    "condorcet_winner_exists": true,
    "condorcet_ranked_first": 0,
    "anonymity_proxy_mean_rho": 0.9731092436974789
  }
}